data categorisation,,,,,source information,,,,,,,,,,site and georeferencing,,,,,,,,,,,,,,,,,,,,,,,,insecticide based control,,,,occurrence_abundance sampling,,,,,,,,,,,,,sample period,,,,,,,,species,,,,insecticide resistance bioassays,,,,,,,,,,,,,,,,,,,,,,,,,,,,Genotypic representativeness,,,,,,,,vgsc method and sample,,,,,"vgscl, vgsc995f, vgsc995s, vgsc995c genotype frequencies_formally 1014",,,,,,,,,,,,,,,,,,,,kdr genotype frequencies,,,,,,"vgsc995l, vgsc995f, vgsc995s, vgsc995c allele frequencies",,,,,vgsc402 genotype frequencies,,,,,,vgsc402 allele frequencies,,vgsc1570 genotype frequencies,,,,,,vgsc1570 allele frequencies,,rdl method and sample,,,,"rdl296c, rdl296g, rdl296s genotype frequencies",,,,,,,,,,,,"rdl296c, rdl296g, rdl296s allele frequencies",,,ace1 method and sample,,,,ace1 genotype frequencies_formally 119,,,,,,ace.1 allele frequencies,,gste method and sample,,,,gste2_114 genotype frequencies,,,,,,gste2_114 allele frequencies,,gste2_119 genotype frequencies,,,,,,gste2_119 allele frequencies,,cytochromes p450_cyp method and sample,,,,cyp4j5 genotype frequencies,,,,,,cyp4j5 allele frequencies,,cyp6p4 genotype frequencies,,,,,,cyp6p4 allele frequencies,,cyp6aap genotype frequencies,,,,,,cyp6aap allele frequencies,,abstractor,,
confidentiality status,bio data,adult data,larval site data,insecticide resistance data,source id,citation_doi,author,article title,journal title,publication year,study_sampling design,personal communication,contact authors,source notes,country,site,latitude_ 1,longitude_1,latitude_2,longitude_2,latitude_3,longitude_3,latitude_4,longitude_4,latitude_5,longitude_5,latitude_6,longitude_6,latitude_7,longitude_7,latitude_8,longitude_8,confidence in georef,area type,georef source,admin level_1,admin level_2,site notes,insecticide control,control type,itn use,control notes,sampling_occurrence_1,occurrence_n_1,sampling_occurrence_2,occurrence_n_2,sampling_occurrence_3,occurrence_n_3,sampling_occurrence_4,occurrence_n_4,occurrence_n_tot,occurrence notes,binary presence,binary absence,abundance data in a graph,month_start,month_end,year_start,year_end,season_given,season_calc,rainfall_time,season notes ,species,species notes,species id_1,species id_2,bioassay representative of complex at site,bioassay representative of complex at site if disaggregated values combined without adjustments,generation,wild caught larvae or adults,lower age_days,upper age_days,test protocol,insecticide tested,insecticide class,irac moa,irac moa code,concentration_percent,concentration_?g,exposure period_min,intensity multiplier,synergist tested,synergist concentration,synergist concentration unit,mosquitoes tested_n,mosquitoes dead_n,percent mortality,knock down exposure time_min,mosquitoes knocked down_n,knock down_percent,kdt_ 50 percent_min,kdt_90 percent_min,kdt 95 percent_min,bioassay notes,genotypic test representative of species at site,genotypic test representative of species at site if disaggregated values combined without adjustments,minor species missing allele frequency data,notes on population representative,genotypic sample first been through bioassay tests,genotypic sample linked to a specific bioassay,bioassay subsample used in genotypic test,notes on bioassay linkage,vgsc method_1,vgsc method_2,vgsc number of mosquitoes tested ,vgsc generation,vgsc_kdr notes,vgsc995l.vgsc995l_n,vgsc995l.vgsc995l_percent,vgsc995l.vgsc995f_n,vgsc995l.vgsc995f_percent,vgsc995f.vgsc995f_n,vgsc995f.vgsc995f_percent,vgsc995l.vgsc995s_n,vgsc995l.vgsc995s_percent,vgsc995s.vgsc995s_n,vgsc995s.vgsc995s_percent,vgsc995.c_n,vgsc995l.vgsc995c_percent,vgsc995c.vgsc995c_n,vgsc995c.vgsc995c_percent,null.vgsc995c or vgsc995c.vgsc995c_n,null.vgsc995c or vgsc995c.vgsc995c_percent,vgsc995f.s_n,vgsc995f.vgsc995s_percent,vgsc995f.vgsc995c_n,vgsc995f.vgsc995c_percent,susceptible.susceptible_n,susceptible.susceptible_percent,resistant.susceptible_n,resistant.susceptible_percent,resistant.resistant_n,resistant.resistant_percent,vgsc995l_percent,vgsc995f_percent,vgsc995s_percent,vgsc995c_percent,kdr_percent,vgsc402v.vgsc402v_n,vgsc402v.vgsc402v_percent,vgsc402v.vgsc402l_n,vgsc402v.vgsc402l_percent,vgsc402l.vgsc402l_n,vgsc402l.vgsc402l_percent,vgsc402v_percent,vgsc.402l_percent,vgsc1570n.vgsc1570n_n,vgsc1570n.vgsc1570n_percent,vgsc1570n.vgsc1570y_n,vgsc1570n.1570y_percent,vgsc1570y.vgsc1570y_n,vgsc1570y.vgsc1570y_percent,vgsc1570n_percent,vgsc1570y_percent,rdl method_1,rdl number of mosquitoes tested ,rdl generation,rdl notes,rdl296c.rdl296c _n,rdl296c.rdl296c_percent,rdl296c.rdl296g_n,rdl296c.rdl296g_percent,rdl296g.rdl296g_n,rdl296g.rdl296g_percent,rdl296c.rdl296s_n,rdl296c.rdl296s_percent,rdl296s.rdl296s_n,rdl296s.rdl296s_percent,rdl296g.rdl296s_n,rdl296g.rdl296s_percent,rdl296c_percent,rdl296g_percent,rdl296s_percent,ace1 method_1,ace1 number of mosquitoes tested ,ace1 generation,ace.1 notes,ace1_280g.ace1_280g_n,ace1_280g.ace1_280g_percent,ace1_280g.ace1_280s_n,ace1_280g.ace1_280s_percent,ace1_280s.ace1_280s_n,ace1_280s.ace1_280s_percent,ace1_280g_wildtype,ace1_280s_resistant,gste method_1,gste number of mosquitoes tested ,gste generation,gste notes,gste2_114I.gste2_114I_n,gste2_114I.gste2_114I_percent,gste2_114I.gste2_114t_n,gste2_114I.gste2_114t_percent,gste2_114t.gste2_114t_n,gste2_114t.gste2_114t_percent,gste2_114I_percent,gste2_114t_percent,gste2_119l.gste2_119l_n,gste2_119l.gste2_119l_percent,gste2_119l.gste2_119v_n,gste2_119l.gste2_119v_percent,gste2_119v.gste2_119v_n,gste2_119v.gste2_119v_percent,gste2_119l_percent,gste2_119v_percent,cyp method_1,cyp number of mosquitoes tested,cyp generation,cyp notes,cyp4j5_43l.cyp4j5_43l_n,cyp4j5_43l.cyp4j5_43l_percent,cyp4j5_43l.cyp4j5_43f_n,cyp4j5_43l.cyp4j5_43f_percent,cyp4j5_43f.cyp4j5_43f_n,cyp4j5_43f.cyp4j5_43f_percent,cyp4j5.43l_percent,cyp4j5.43f_percent,cyp6p4.236wt_cyp6p4.236wt_n,cyp6p4.236wt_cyp6p4.236wt_percent,cyp6p4.236wt_cyp6p4.236m_n,cyp6p4.236wt_cyp6p4.236m_percent,cyp6p4.236m_cyp6p4.236m_n,cyp6p4.236m_cyp6p4.236m_percent,cyp6p4.236wt_percent,cyp6p4.236m_percent,cyp6aap.wt.cyp6aap.wt_n,cyp6aap.wt.cyp6aap.wt_percent,cyp6aap.wt.cyp6aap.dup1_n,cyp6aap.wt.cyp6aap.dup1_percent,cyp6aap.dup1.cyp6aap.dup1_n,cyp6aap.dup1.cyp6aap.dup1_percent,cyp6aap.wt_percent,cyp6aap.dup1_percent,data abstracted by,data checked by,final check by
,,,,,,,,,,,,,,,,,,,,,,,,,,,,,,,,,,,,,,,,,,,,,,,,,,,,,,,,,,,,,,,,,,,,,,,,,,,,,,,,,,,,,,,,,,,,,,,,,,,,,,,,,,,,,,,,,,,,,,,,,,,,,,,,,,,,,,,,,,,,,,,,,,,,,,,,,,,,,,,,,,,,,,,,,,,,,,,,,,,,,,,,,,,,,,,,,,,,,,,,,,,,,,,,,,,,,,,,,,,,,,,,,,,,,,,,,,,,,
,,,,,,,,,,,,,,,,,,,,,,,,,,,,,,,,,,,,,,,,,,,,,,,,,,,,,,,,,,,,,,,,,,,,,,,,,,,,,,,,,,,,,,,,,,,,,,,,,,,,,,,,,,,,,,,,,,,,,,,,,,,,,,,,,,,,,,,,,,,,,,,,,,,,,,,,,,,,,,,,,,,,,,,,,,,,,,,,,,,,,,,,,,,,,,,,,,,,,,,,,,,,,,,,,,,,,,,,,,,,,,,,,,,,,,,,,,,,,
,,,,,,,,,,,,,,,,,,,,,,,,,,,,,,,,,,,,,,,,,,,,,,,,,,,,,,,,,,,,,,,,,,,,,,,,,,,,,,,,,,,,,,,,,,,,,,,,,,,,,,,,,,,,,,,,,,,,,,,,,,,,,,,,,,,,,,,,,,,,,,,,,,,,,,,,,,,,,,,,,,,,,,,,,,,,,,,,,,,,,,,,,,,,,,,,,,,,,,,,,,,,,,,,,,,,,,,,,,,,,,,,,,,,,,,,,,,,,
,,,,,,,,,,,,,,,,,,,,,,,,,,,,,,,,,,,,,,,,,,,,,,,,,,,,,,,,,,,,,,,,,,,,,,,,,,,,,,,,,,,,,,,,,,,,,,,,,,,,,,,,,,,,,,,,,,,,,,,,,,,,,,,,,,,,,,,,,,,,,,,,,,,,,,,,,,,,,,,,,,,,,,,,,,,,,,,,,,,,,,,,,,,,,,,,,,,,,,,,,,,,,,,,,,,,,,,,,,,,,,,,,,,,,,,,,,,,,
,,,,,,,,,,,,,,,,,,,,,,,,,,,,,,,,,,,,,,,,,,,,,,,,,,,,,,,,,,,,,,,,,,,,,,,,,,,,,,,,,,,,,,,,,,,,,,,,,,,,,,,,,,,,,,,,,,,,,,,,,,,,,,,,,,,,,,,,,,,,,,,,,,,,,,,,,,,,,,,,,,,,,,,,,,,,,,,,,,,,,,,,,,,,,,,,,,,,,,,,,,,,,,,,,,,,,,,,,,,,,,,,,,,,,,,,,,,,,
,,,,,,,,,,,,,,,,,,,,,,,,,,,,,,,,,,,,,,,,,,,,,,,,,,,,,,,,,,,,,,,,,,,,,,,,,,,,,,,,,,,,,,,,,,,,,,,,,,,,,,,,,,,,,,,,,,,,,,,,,,,,,,,,,,,,,,,,,,,,,,,,,,,,,,,,,,,,,,,,,,,,,,,,,,,,,,,,,,,,,,,,,,,,,,,,,,,,,,,,,,,,,,,,,,,,,,,,,,,,,,,,,,,,,,,,,,,,,
,,,,,,,,,,,,,,,,,,,,,,,,,,,,,,,,,,,,,,,,,,,,,,,,,,,,,,,,,,,,,,,,,,,,,,,,,,,,,,,,,,,,,,,,,,,,,,,,,,,,,,,,,,,,,,,,,,,,,,,,,,,,,,,,,,,,,,,,,,,,,,,,,,,,,,,,,,,,,,,,,,,,,,,,,,,,,,,,,,,,,,,,,,,,,,,,,,,,,,,,,,,,,,,,,,,,,,,,,,,,,,,,,,,,,,,,,,,,,
,,,,,,,,,,,,,,,,,,,,,,,,,,,,,,,,,,,,,,,,,,,,,,,,,,,,,,,,,,,,,,,,,,,,,,,,,,,,,,,,,,,,,,,,,,,,,,,,,,,,,,,,,,,,,,,,,,,,,,,,,,,,,,,,,,,,,,,,,,,,,,,,,,,,,,,,,,,,,,,,,,,,,,,,,,,,,,,,,,,,,,,,,,,,,,,,,,,,,,,,,,,,,,,,,,,,,,,,,,,,,,,,,,,,,,,,,,,,,
,,,,,,,,,,,,,,,,,,,,,,,,,,,,,,,,,,,,,,,,,,,,,,,,,,,,,,,,,,,,,,,,,,,,,,,,,,,,,,,,,,,,,,,,,,,,,,, ,,,,,,,,,,,,,,,,,,,,,,,,,,,,,,,,,,,,,,,,,,,,,,,,,,,,,,,,,,,,,,,,,,,,,,,,,,,,,,,,,,,,,,,,,,,,,,,,,,,,,,,,,,,,,,,,,,,,,,,,,,,,,,,,,,,,,,,,,,,,,,
