data categorisation,,,,,source information,,,,,,,,,,site and georeferencing,,,,,,,,,,,,,,,,,,,,,,,,insecticide based control,,,,occurrence_abundance sampling,,,,,,,,,,,,,sample period,,,,,,,,species,,,,insecticide resistance bioassays,,,,,,,,,,,,,,,,,,,,,,,,,,,
confidentiality status,bio data,adult data,larval site data,insecticide resistance data,source id,citation_doi,author,article title,journal title,publication year,study_sampling design,personal communication,contact authors,source notes,country,site,latitude_ 1,longitude_1,latitude_2,longitude_2,latitude_3,longitude_3,latitude_4,longitude_4,latitude_5,longitude_5,latitude_6,longitude_6,latitude_7,longitude_7,latitude_8,longitude_8,confidence in georef,area type,georef source,admin level_1,admin level_2,site notes,insecticide control,control type,itn use,control notes,sampling_occurrence_1,occurrence_n_1,sampling_occurrence_2,occurrence_n_2,sampling_occurrence_3,occurrence_n_3,sampling_occurrence_4,occurrence_n_4,occurrence_n_tot,occurrence notes,binary presence,binary absence,abundance data in a graph,month_start,month_end,year_start,year_end,season_given,season_calc,rainfall_time,season notes ,species,species notes,species id_1,species id_2,bioassay representative of complex at site,bioassay representative of complex at site if disaggregated values combined without adjustments,generation,wild caught larvae or adults,lower age_days,upper age_days,test protocol,insecticide tested,insecticide class,irac moa,irac moa code,concentration_percent,concentration_?g,exposure period_min,intensity multiplier,synergist tested,synergist concentration,synergist concentration unit,mosquitoes tested_n,mosquitoes dead_n,percent mortality,knock down exposure time_min,mosquitoes knocked down_n,knock down_percent,kdt_ 50 percent_min,kdt_90 percent_min,kdt 95 percent_min,bioassay notes
,,,,,,,,,,,,,,,,,,,,,,,,,,,,,,,,,,,,,,,,,,,,,,,,,,,,,,,,,,,,,,,,,,,,,,,,,,,,,,,,,,,,,,,,,,,,,,,
,,,,,,,,,,,,,,,,,,,,,,,,,,,,,,,,,,,,,,,,,,,,,,,,,,,,,,,,,,,,,,,,,,,,,,,,,,,,,,,,,,,,,,,,,,,,,,,
,,,,,,,,,,,,,,,,,,,,,,,,,,,,,,,,,,,,,,,,,,,,,,,,,,,,,,,,,,,,,,,,,,,,,,,,,,,,,,,,,,,,,,,,,,,,,,,
,,,,,,,,,,,,,,,,,,,,,,,,,,,,,,,,,,,,,,,,,,,,,,,,,,,,,,,,,,,,,,,,,,,,,,,,,,,,,,,,,,,,,,,,,,,,,,,
,,,,,,,,,,,,,,,,,,,,,,,,,,,,,,,,,,,,,,,,,,,,,,,,,,,,,,,,,,,,,,,,,,,,,,,,,,,,,,,,,,,,,,,,,,,,,,,
,,,,,,,,,,,,,,,,,,,,,,,,,,,,,,,,,,,,,,,,,,,,,,,,,,,,,,,,,,,,,,,,,,,,,,,,,,,,,,,,,,,,,,,,,,,,,,,
,,,,,,,,,,,,,,,,,,,,,,,,,,,,,,,,,,,,,,,,,,,,,,,,,,,,,,,,,,,,,,,,,,,,,,,,,,,,,,,,,,,,,,,,,,,,,,,
,,,,,,,,,,,,,,,,,,,,,,,,,,,,,,,,,,,,,,,,,,,,,,,,,,,,,,,,,,,,,,,,,,,,,,,,,,,,,,,,,,,,,,,,,,,,,,,
,,,,,,,,,,,,,,,,,,,,,,,,,,,,,,,,,,,,,,,,,,,,,,,,,,,,,,,,,,,,,,,,,,,,,,,,,,,,,,,,,,,,,,,,,,,,,,, 
